{
  "scenario_script_path": "src/scripts/rti/full_calibrated_single_injury.py",
  "scenario_seed": 12,
  "runs_per_draw": 4,
  "draws": [
    {
      "draw_number": 0,
      "draw_seed": 662124363,
      "parameters": {
        "RTI": {
          "prob_death_iss_less_than_9": 0.011137722422317597,
          "prob_death_iss_10_15": 0.01686499672348485,
          "prob_death_iss_16_24": 0.047639470212550605,
          "prob_death_iss_25_35": 0.2035364176,
          "prob_death_iss_35_plus": 0.34608673948529406,
          "rt_emergency_care_ISS_score_cut_off": 1,
          "number_of_injured_body_regions_distribution": [
            [
              1,
              2,
              3,
              4,
              5,
              6,
              7,
              8
            ],
            [
              1,
              0,
              0,
              0,
              0,
              0,
              0,
              0
            ]
          ],
          "base_rate_injrti": 0.004481896113089883
        }
      }
    },
    {
      "draw_number": 1,
      "draw_seed": 1916507803,
      "parameters": {
        "RTI": {
          "prob_death_iss_less_than_9": 0.008559267661802575,
          "prob_death_iss_10_15": 0.012960640928030304,
          "prob_death_iss_16_24": 0.03661062480769231,
          "prob_death_iss_25_35": 0.1564164208,
          "prob_death_iss_35_plus": 0.2659654213970588,
          "rt_emergency_care_ISS_score_cut_off": 2,
          "number_of_injured_body_regions_distribution": [
            [
              1,
              2,
              3,
              4,
              5,
              6,
              7,
              8
            ],
            [
              1,
              0,
              0,
              0,
              0,
              0,
              0,
              0
            ]
          ],
          "base_rate_injrti": 0.004416594058664101
        }
      }
    },
    {
      "draw_number": 2,
      "draw_seed": 1031005574,
      "parameters": {
        "RTI": {
          "prob_death_iss_less_than_9": 0.007969883119313306,
          "prob_death_iss_10_15": 0.012068181231060607,
          "prob_death_iss_16_24": 0.03408964553643725,
          "prob_death_iss_25_35": 0.1456457072,
          "prob_death_iss_35_plus": 0.24765124845588235,
          "rt_emergency_care_ISS_score_cut_off": 3,
          "number_of_injured_body_regions_distribution": [
            [
              1,
              2,
              3,
              4,
              5,
              6,
              7,
              8
            ],
            [
              1,
              0,
              0,
              0,
              0,
              0,
              0,
              0
            ]
          ],
          "base_rate_injrti": 0.0043761654799811785
        }
      }
    },
    {
      "draw_number": 3,
      "draw_seed": 1603685629,
      "parameters": {
        "RTI": {
          "prob_death_iss_less_than_9": 0.008431738418884121,
          "prob_death_iss_10_15": 0.012767533200757577,
          "prob_death_iss_16_24": 0.03606514294534413,
          "prob_death_iss_25_35": 0.1540858864,
          "prob_death_iss_35_plus": 0.26200265610294116,
          "rt_emergency_care_ISS_score_cut_off": 4,
          "number_of_injured_body_regions_distribution": [
            [
              1,
              2,
              3,
              4,
              5,
              6,
              7,
              8
            ],
            [
              1,
              0,
              0,
              0,
              0,
              0,
              0,
              0
            ]
          ],
          "base_rate_injrti": 0.004120926170637072
        }
      }
    },
    {
      "draw_number": 4,
      "draw_seed": 1130929393,
      "parameters": {
        "RTI": {
          "prob_death_iss_less_than_9": 0.0071877261064377685,
          "prob_death_iss_10_15": 0.01088382100378788,
          "prob_death_iss_16_24": 0.030744119018218625,
          "prob_death_iss_25_35": 0.1313521712,
          "prob_death_iss_35_plus": 0.22334698227941174,
          "rt_emergency_care_ISS_score_cut_off": 5,
          "number_of_injured_body_regions_distribution": [
            [
              1,
              2,
              3,
              4,
              5,
              6,
              7,
              8
            ],
            [
              1,
              0,
              0,
              0,
              0,
              0,
              0,
              0
            ]
          ],
          "base_rate_injrti": 0.004217527464261362
        }
      }
    },
    {
      "draw_number": 5,
      "draw_seed": 371232386,
      "parameters": {
        "RTI": {
          "prob_death_iss_less_than_9": 0.006234297872961374,
          "prob_death_iss_10_15": 0.009440117935606061,
          "prob_death_iss_16_24": 0.026666012722672067,
          "prob_death_iss_25_35": 0.11392873760000001,
          "prob_death_iss_35_plus": 0.1937207394852941,
          "rt_emergency_care_ISS_score_cut_off": 6,
          "number_of_injured_body_regions_distribution": [
            [
              1,
              2,
              3,
              4,
              5,
              6,
              7,
              8
            ],
            [
              1,
              0,
              0,
              0,
              0,
              0,
              0,
              0
            ]
          ],
          "base_rate_injrti": 0.0041604717763368635
        }
      }
    },
    {
      "draw_number": 6,
      "draw_seed": 144909571,
      "parameters": {
        "RTI": {
          "prob_death_iss_less_than_9": 0.006234297872961374,
          "prob_death_iss_10_15": 0.009440117935606061,
          "prob_death_iss_16_24": 0.026666012722672067,
          "prob_death_iss_25_35": 0.11392873760000001,
          "prob_death_iss_35_plus": 0.1937207394852941,
          "rt_emergency_care_ISS_score_cut_off": 7,
          "number_of_injured_body_regions_distribution": [
            [
              1,
              2,
              3,
              4,
              5,
              6,
              7,
              8
            ],
            [
              1,
              0,
              0,
              0,
              0,
              0,
              0,
              0
            ]
          ],
          "base_rate_injrti": 0.004135378321272414
        }
      }
    },
    {
      "draw_number": 7,
      "draw_seed": 960362435,
      "parameters": {
        "RTI": {
          "prob_death_iss_less_than_9": 0.006234297872961374,
          "prob_death_iss_10_15": 0.009440117935606061,
          "prob_death_iss_16_24": 0.026666012722672067,
          "prob_death_iss_25_35": 0.11392873760000001,
          "prob_death_iss_35_plus": 0.1937207394852941,
          "rt_emergency_care_ISS_score_cut_off": 8,
          "number_of_injured_body_regions_distribution": [
            [
              1,
              2,
              3,
              4,
              5,
              6,
              7,
              8
            ],
            [
              1,
              0,
              0,
              0,
              0,
              0,
              0,
              0
            ]
          ],
          "base_rate_injrti": 0.004221958402053211
        }
      }
    },
    {
      "draw_number": 8,
      "draw_seed": 62598988,
      "parameters": {
        "RTI": {
          "prob_death_iss_less_than_9": 0.006234297872961374,
          "prob_death_iss_10_15": 0.009440117935606061,
          "prob_death_iss_16_24": 0.026666012722672067,
          "prob_death_iss_25_35": 0.11392873760000001,
          "prob_death_iss_35_plus": 0.1937207394852941,
          "rt_emergency_care_ISS_score_cut_off": 9,