{
  "scenario_script_path": "C:\\/Users/Robbie Manning Smith/PycharmProjects/TLOmodel/src/scripts/rti/rti_analysis_fit_number_of_injuries.py",
  "scenario_seed": 12,
  "runs_per_draw": 2,
  "draws": [
    {
      "draw_number": 0,
      "draw_seed": 662124363,
      "parameters": {
        "RTI": {
          "number_of_injured_body_regions_distribution": [
            [
              1,
              2,
              3,
              4,
              5,
              6,
              7,
              8
            ],
            [
              0.8340737311793822,
              0.1383951418413636,
              0.022963455830467713,
              0.003810251549742161,
              0.0006322226488684754,
              0.000104902648164875,
              1.7406155270930335e-05,
              2.888146740009391e-06
            ]
          ]
        }
      }
    },
    {
      "draw_number": 1,
      "draw_seed": 1916507803,
      "parameters": {
        "RTI": {
          "number_of_injured_body_regions_distribution": [
            [
              1,
              2,
              3,
              4,
              5,
              6,
              7,
              8
            ],
            [
              0.8076228098239987,
              0.15536943057084443,
              0.029889769905296633,
              0.005750155237804063,
              0.00110620742025138,
              0.00021281075136443298,
              4.094025683357191e-05,
              7.876033606631767e-06
            ]
          ]
        }
      }
    },
    {
      "draw_number": 2,
      "draw_seed": 1031005574,
      "parameters": {
        "RTI": {
          "number_of_injured_body_regions_distribution": [
            [
              1,
              2,
              3,
              4,
              5,
              6,
              7,
              8
            ],
            [
              0.7789853967276608,
              0.17217060379515683,
              0.038052981398253596,
              0.008410433380477972,
              0.0018588659034927675,
              0.00041084475565652807,
              9.080451308150497e-05,
              2.0069526219929434e-05
            ]
          ]
        }
      }
    },
    {
      "draw_number": 3,
      "draw_seed": 1603685629,
      "parameters": {
        "RTI": {
          "number_of_injured_body_regions_distribution": [
            [
              1,
              2,
              3,
              4,
              5,
              6,
              7,
              8
            ],
            [
              0.7478811845719807,
              0.18856405264178755,
              0.04754284862647545,
              0.011987027346160518,
              0.0030223015395333974,
              0.0007620159971347436,
              0.0001921278774780707,
              4.84413994496515e-05
            ]
          ]
        }
      }
    },
    {
      "draw_number": 4,
      "draw_seed": 1130929393,
      "parameters": {
        "RTI": {
          "number_of_injured_body_regions_distribution": [
            [
              1,
              2,
              3,
              4,
              5,
              6,
              7,
              8
            ],
            [
              0.7139829803624105,
              0.20423413481388436,
              0.05842097496778358,
              0.016711262881185966,
              0.0047802404399807765,
              0.00136738311320287,
              0.00039113860521206104,
              0.00011188481634008502
            ]
          ]
        }
      }
    },
    {
      "draw_number": 5,
      "draw_seed": 371232386,
      "parameters": {
        "RTI": {
          "number_of_injured_body_regions_distribution": [
            [
              1,
              2,
              3,
              4,
              5,
              6,
              7,
              8
            ],
            [
              0.6769101854244929,
              0.21875730105991648,
              0.0706958733927294,
              0.02284681009751498,
              0.007383411599319661,
              0.002386099705485696,
              0.0007711166752566723,
              0.00024920204528413345
            ]
          ]
        }
      }
    }
  ]
}