{
  "scenario_script_path": "src/scripts/rti/rti_analysis_fit_number_of_injuries.py",
  "scenario_seed": 12,
  "runs_per_draw": 3,
  "draws": [
    {
      "draw_number": 0,
      "draw_seed": 662124363,
      "parameters": {
        "RTI": {
          "number_of_injured_body_regions_distribution": [
            [
              1,
              2,
              3,
              4,
              5,
              6,
              7,
              8
            ],
            [
              0.7612737346807732,
              0.18174215061897694,
              0.04338808474124165,
              0.010358223951360018,
              0.002472863323338708,
              0.000590357289495644,
              0.0001409385330646141,
              3.364686174939126e-05
            ]
          ]
        }
      }
    },
    {
      "draw_number": 1,
      "draw_seed": 1916507803,
      "parameters": {
        "RTI": {
          "number_of_injured_body_regions_distribution": [
            [
              1,
              2,
              3,
              4,
              5,
              6,
              7,
              8
            ],
            [
              0.748947824018817,
              0.18803383571438742,
              0.04720852673520407,
              0.011852361507392006,
              0.0029757012772260675,
              0.0007470914623859849,
              0.00018756777013932336,
              4.7091514448148476e-05
            ]
          ]
        }
      }
    },
    {
      "draw_number": 2,
      "draw_seed": 1031005574,
      "parameters": {
        "RTI": {
          "number_of_injured_body_regions_distribution": [
            [
              1,
              2,
              3,
              4,
              5,
              6,
              7,
              8
            ],
            [
              0.7362050184224718,
              0.19421990546958515,
              0.051237591074077896,
              0.013517104401461814,
              0.0035659777825202245,
              0.0009407486372638106,
              0.0002481810186400668,
              6.547319397917849e-05
            ]
          ]
        }
      }
    },
    {
      "draw_number": 3,
      "draw_seed": 1603685629,
      "parameters": {
        "RTI": {
          "number_of_injured_body_regions_distribution": [
            [
              1,
              2,
              3,
              4,
              5,
              6,
              7,
              8
            ],
            [
              0.7230243211389068,
              0.20027827197413767,
              0.05547722953740099,
              0.015367233633526203,
              0.004256735087828654,
              0.0011791187691986562,
              0.0003266167715843815,
              9.047308741654938e-05
            ]
          ]
        }
      }
    },
    {
      "draw_number": 4,
      "draw_seed": 1130929393,
      "parameters": {
        "RTI": {
          "number_of_injured_body_regions_distribution": [
            [
              1,
              2,
              3,
              4,
              5,
              6,
              7,
              8
            ],
            [
              0.7093834795440467,
              0.2061841889568684,
              0.05992798112965075,
              0.017418226588785873,
              0.00506265373502088,
              0.0014714737295484586,
              0.00042768774047753785,
              0.00012430857560121887
            ]
          ]
        }
      }
    },
    {
      "draw_number": 5,
      "draw_seed": 371232386,
      "parameters": {
        "RTI": {
          "number_of_injured_body_regions_distribution": [
            [
              1,
              2,
              3,
              4,
              5,
              6,
              7,
              8
            ],
            [
              0.6952589507633277,
              0.21190994452338244,
              0.06458863210405377,
              0.019686152089065816,
              0.006000198044904977,
              0.0018288173542090106,
              0.000557410420460382,
              0.00016989470059584197
            ]
          ]
        }
      }
    }
  ],
  "commit": "cc4a85d6817904e8be7908c9e49245300a2dd6d0",
  "github": "https://github.com/UCL/TLOmodel/blob/cc4a85d6817904e8be7908c9e49245300a2dd6d0/src/scripts/rti/rti_analysis_fit_number_of_injuries.py"
}