{
  "scenario_script_path": "src/scripts/rti/rti_analysis_full_calibrated.py",
  "scenario_seed": 12,
  "runs_per_draw": 2,
  "draws": [
    {
      "draw_number": 0,
      "draw_seed": 662124363,
      "parameters": {
        "RTI": {
          "prob_death_iss_less_than_9": 0.011137722422317597,
          "prob_death_iss_10_15": 0.01686499672348485,
          "prob_death_iss_16_24": 0.047639470212550605,
          "prob_death_iss_25_35": 0.2035364176,
          "prob_death_iss_35_plus": 0.34608673948529406,
          "rt_emergency_care_ISS_score_cut_off": 1,
          "number_of_injured_body_regions_distribution": [
            [
              1,
              2,
              3,
              4,
              5,
              6,
              7,
              8
            ],
            [
              0.7093834795440467,
              0.2061841889568684,
              0.05992798112965075,
              0.017418226588785873,
              0.00506265373502088,
              0.0014714737295484586,
              0.00042768774047753785,
              0.00012430857560121887
            ]
          ],
          "base_rate_injrti": 0.004364235370981745,
          "imm_death_proportion_rti": 0.007
        }
      }
    },
    {
      "draw_number": 1,
      "draw_seed": 1916507803,
      "parameters": {
        "RTI": {
          "prob_death_iss_less_than_9": 0.008559267661802575,
          "prob_death_iss_10_15": 0.012960640928030304,
          "prob_death_iss_16_24": 0.03661062480769231,
          "prob_death_iss_25_35": 0.1564164208,
          "prob_death_iss_35_plus": 0.2659654213970588,
          "rt_emergency_care_ISS_score_cut_off": 2,
          "number_of_injured_body_regions_distribution": [
            [
              1,
              2,
              3,
              4,
              5,
              6,
              7,
              8
            ],
            [
              0.7093834795440467,
              0.2061841889568684,
              0.05992798112965075,
              0.017418226588785873,
              0.00506265373502088,
              0.0014714737295484586,
              0.00042768774047753785,
              0.00012430857560121887
            ]
          ],
          "base_rate_injrti": 0.004334746692121514,
          "imm_death_proportion_rti": 0.007
        }
      }
    },
    {
      "draw_number": 2,
      "draw_seed": 1031005574,
      "parameters": {
        "RTI": {
          "prob_death_iss_less_than_9": 0.007969883119313306,
          "prob_death_iss_10_15": 0.012068181231060607,
          "prob_death_iss_16_24": 0.03408964553643725,
          "prob_death_iss_25_35": 0.1456457072,
          "prob_death_iss_35_plus": 0.24765124845588235,
          "rt_emergency_care_ISS_score_cut_off": 3,
          "number_of_injured_body_regions_distribution": [
            [
              1,
              2,
              3,
              4,
              5,
              6,
              7,
              8
            ],
            [
              0.7093834795440467,
              0.2061841889568684,
              0.05992798112965075,
              0.017418226588785873,
              0.00506265373502088,
              0.0014714737295484586,
              0.00042768774047753785,
              0.00012430857560121887
            ]
          ],
          "base_rate_injrti": 0.004366273338474707,
          "imm_death_proportion_rti": 0.007
        }
      }
    },
    {
      "draw_number": 3,
      "draw_seed": 1603685629,
      "parameters": {
        "RTI": {
          "prob_death_iss_less_than_9": 0.008431738418884121,
          "prob_death_iss_10_15": 0.012767533200757577,
          "prob_death_iss_16_24": 0.03606514294534413,
          "prob_death_iss_25_35": 0.1540858864,
          "prob_death_iss_35_plus": 0.26200265610294116,
          "rt_emergency_care_ISS_score_cut_off": 4,
          "number_of_injured_body_regions_distribution": [
            [
              1,
              2,
              3,
              4,
              5,
              6,
              7,
              8
            ],
            [
              0.7093834795440467,
              0.2061841889568684,
              0.05992798112965075,
              0.017418226588785873,
              0.00506265373502088,
              0.0014714737295484586,
              0.00042768774047753785,
              0.00012430857560121887
            ]
          ],
          "base_rate_injrti": 0.004268219608865612,
          "imm_death_proportion_rti": 0.007
        }
      }
    },
    {
      "draw_number": 4,
      "draw_seed": 1130929393,
      "parameters": {
        "RTI": {
          "prob_death_iss_less_than_9": 0.0071877261064377685,
          "prob_death_iss_10_15": 0.01088382100378788,
          "prob_death_iss_16_24": 0.030744119018218625,
          "prob_death_iss_25_35": 0.1313521712,
          "prob_death_iss_35_plus": 0.22334698227941174,
          "rt_emergency_care_ISS_score_cut_off": 5,
          "number_of_injured_body_regions_distribution": [
            [
              1,
              2,
              3,
              4,
              5,
              6,
              7,
              8
            ],
            [
              0.7362050184224718,
              0.19421990546958515,
              0.051237591074077896,
              0.013517104401461814,
              0.0035659777825202245,
              0.0009407486372638106,
              0.0002481810186400668,
              6.547319397917849e-05
            ]
          ],
          "base_rate_injrti": 0.0040991908466201646,
          "imm_death_proportion_rti": 0.007
        }
      }
    },
    {
      "draw_number": 5,
      "draw_seed": 371232386,
      "parameters": {
        "RTI": {
          "prob_death_iss_less_than_9": 0.006234297872961374,
          "prob_death_iss_10_15": 0.009440117935606061,
          "prob_death_iss_16_24": 0.026666012722672067,
          "prob_death_iss_25_35": 0.11392873760000001,
          "prob_death_iss_35_plus": 0.1937207394852941,
          "rt_emergency_care_ISS_score_cut_off": 6,
          "number_of_injured_body_regions_distribution": [
            [
              1,
              2,
              3,
              4,
              5,
              6,
              7,
              8
            ],
            [
              0.7093834795440467,
              0.2061841889568684,
              0.05992798112965075,
              0.017418226588785873,
              0.00506265373502088,
              0.0014714737295484586,
              0.00042768774047753785,
              0.00012430857560121887
            ]
          ],
          "base_rate_injrti": 0.004070670102910139,
          "imm_death_proportion_rti": 0.007
        }
      }
    },
    {
      "draw_number": 6,
      "draw_seed": 144909571,
      "parameters": {
        "RTI": {
          "prob_death_iss_less_than_9": 0.006234297872961374,
          "prob_death_iss_10_15": 0.009440117935606061,
          "prob_death_iss_16_24": 0.026666012722672067,
          "prob_death_iss_25_35": 0.11392873760000001,
          "prob_death_iss_35_plus": 0.1937207394852941,
          "rt_emergency_care_ISS_score_cut_off": 7,
          "number_of_injured_body_regions_distribution": [
            [
              1,
              2,
              3,
              4,
              5,
              6,
              7,
              8
            ],
            [
              0.7093834795440467,
              0.2061841889568684,
              0.05992798112965075,
              0.017418226588785873,
              0.00506265373502088,
              0.0014714737295484586,
              0.00042768774047753785,
              0.00012430857560121887
            ]
          ],
          "base_rate_injrti": 0.004070670102910139,
          "imm_death_proportion_rti": 0.007
        }
      }
    },
    {
      "draw_number": 7,
      "draw_seed": 960362435,