{
  "scenario_script_path": "src/scripts/rti/rti_analysis_full_calibrated.py",
  "scenario_seed": 12,
  "runs_per_draw": 4,
  "draws": [
    {
      "draw_number": 0,
      "draw_seed": 662124363,
      "parameters": {
        "RTI": {
          "prob_death_iss_less_than_9": 0.00821069966472103,
          "prob_death_iss_10_15": 0.012432831210227273,
          "prob_death_iss_16_24": 0.03511969209412955,
          "prob_death_iss_25_35": 0.15004651152,
          "prob_death_iss_35_plus": 0.25513423374264704,
          "rt_emergency_care_ISS_score_cut_off": 1,
          "number_of_injured_body_regions_distribution": [
            [
              1,
              2,
              3,
              4,
              5,
              6,
              7,
              8
            ],
            [
              0.7093834795440467,
              0.2061841889568684,
              0.05992798112965075,
              0.017418226588785873,
              0.00506265373502088,
              0.0014714737295484586,
              0.00042768774047753785,
              0.00012430857560121887
            ]
          ],
          "base_rate_injrti": 0.00749274728395446,
          "imm_death_proportion_rti": 0.007
        }
      }
    },
    {
      "draw_number": 1,
      "draw_seed": 1916507803,
      "parameters": {
        "RTI": {
          "prob_death_iss_less_than_9": 0.00821069966472103,
          "prob_death_iss_10_15": 0.012432831210227273,
          "prob_death_iss_16_24": 0.03511969209412955,
          "prob_death_iss_25_35": 0.15004651152,
          "prob_death_iss_35_plus": 0.25513423374264704,
          "rt_emergency_care_ISS_score_cut_off": 2,
          "number_of_injured_body_regions_distribution": [
            [
              1,
              2,
              3,
              4,
              5,
              6,
              7,
              8
            ],
            [
              0.7093834795440467,
              0.2061841889568684,
              0.05992798112965075,
              0.017418226588785873,
              0.00506265373502088,
              0.0014714737295484586,
              0.00042768774047753785,
              0.00012430857560121887
            ]
          ],
          "base_rate_injrti": 0.007239838799812575,
          "imm_death_proportion_rti": 0.007
        }
      }
    },
    {
      "draw_number": 2,
      "draw_seed": 1031005574,
      "parameters": {
        "RTI": {
          "prob_death_iss_less_than_9": 0.00821069966472103,
          "prob_death_iss_10_15": 0.012432831210227273,
          "prob_death_iss_16_24": 0.03511969209412955,
          "prob_death_iss_25_35": 0.15004651152,
          "prob_death_iss_35_plus": 0.25513423374264704,
          "rt_emergency_care_ISS_score_cut_off": 3,
          "number_of_injured_body_regions_distribution": [
            [
              1,
              2,
              3,
              4,
              5,
              6,
              7,
              8
            ],
            [
              0.7093834795440467,
              0.2061841889568684,
              0.05992798112965075,
              0.017418226588785873,
              0.00506265373502088,
              0.0014714737295484586,
              0.00042768774047753785,
              0.00012430857560121887
            ]
          ],
          "base_rate_injrti": 0.007273828204062228,
          "imm_death_proportion_rti": 0.007
        }
      }
    },
    {
      "draw_number": 3,
      "draw_seed": 1603685629,
      "parameters": {
        "RTI": {
          "prob_death_iss_less_than_9": 0.00821069966472103,
          "prob_death_iss_10_15": 0.012432831210227273,
          "prob_death_iss_16_24": 0.03511969209412955,
          "prob_death_iss_25_35": 0.15004651152,
          "prob_death_iss_35_plus": 0.25513423374264704,
          "rt_emergency_care_ISS_score_cut_off": 4,
          "number_of_injured_body_regions_distribution": [
            [
              1,
              2,
              3,
              4,
              5,
              6,
              7,
              8
            ],
            [
              0.7093834795440467,
              0.2061841889568684,
              0.05992798112965075,
              0.017418226588785873,
              0.00506265373502088,
              0.0014714737295484586,
              0.00042768774047753785,
              0.00012430857560121887
            ]
          ],
          "base_rate_injrti": 0.007068007785963749,
          "imm_death_proportion_rti": 0.007
        }
      }
    },
    {
      "draw_number": 4,
      "draw_seed": 1130929393,
      "parameters": {
        "RTI": {
          "prob_death_iss_less_than_9": 0.006021858471759657,
          "prob_death_iss_10_15": 0.00911843728409091,
          "prob_death_iss_16_24": 0.025757343953441297,
          "prob_death_iss_25_35": 0.11004651168000001,
          "prob_death_iss_35_plus": 0.18711952813235294,
          "rt_emergency_care_ISS_score_cut_off": 5,
          "number_of_injured_body_regions_distribution": [
            [
              1,
              2,
              3,
              4,
              5,
              6,
              7,
              8
            ],
            [
              0.7612737346807732,
              0.18174215061897694,
              0.04338808474124165,
              0.010358223951360018,
              0.002472863323338708,
              0.000590357289495644,
              0.0001409385330646141,
              3.364686174939126e-05
            ]
          ],
          "base_rate_injrti": 0.007077925915819002,
          "imm_death_proportion_rti": 0.007
        }
      }
    },
    {
      "draw_number": 5,
      "draw_seed": 371232386,
      "parameters": {
        "RTI": {
          "prob_death_iss_less_than_9": 0.007772931433133048,
          "prob_death_iss_10_15": 0.01176995243560606,
          "prob_death_iss_16_24": 0.03324722249595142,
          "prob_death_iss_25_35": 0.14204651168000001,
          "prob_death_iss_35_plus": 0.24153129283823527,
          "rt_emergency_care_ISS_score_cut_off": 6,
          "number_of_injured_body_regions_distribution": [
            [
              1,
              2,
              3,
              4,
              5,
              6,
              7,
              8
            ],
            [
              0.7612737346807732,
              0.18174215061897694,
              0.04338808474124165,
              0.010358223951360018,
              0.002472863323338708,
              0.000590357289495644,
              0.0001409385330646141,
              3.364686174939126e-05
            ]
          ],
          "base_rate_injrti": 0.007190693796075944,
          "imm_death_proportion_rti": 0.007
        }
      }
    }
  ],
  "commit": "2f9a515df14f4fb65b119558f94352327084af64",
  "github": "https://github.com/UCL/TLOmodel/blob/2f9a515df14f4fb65b119558f94352327084af64/src/scripts/rti/rti_analysis_full_calibrated.py"
}