{
  "scenario_script_path": "src/scripts/rti/rti_analysis_fit_number_of_injuries.py",
  "scenario_seed": 12,
  "runs_per_draw": 3,
  "draws": [
    {
      "draw_number": 0,
      "draw_seed": 662124363,
      "parameters": {
        "RTI": {
          "number_of_injured_body_regions_distribution": [
            [
              1,
              2,
              3,
              4,
              5,
              6,
              7,
              8
            ],
            [
              0.7866423919327503,
              0.1678387966562719,
              0.03581025120425195,
              0.007640510518780025,
              0.001630186860589705,
              0.0003478182765284188,
              7.421085055454128e-05,
              1.5833700273017378e-05
            ]
          ]
        }
      }
    },
    {
      "draw_number": 1,
      "draw_seed": 1916507803,
      "parameters": {
        "RTI": {
          "number_of_injured_body_regions_distribution": [
            [
              1,
              2,
              3,
              4,
              5,
              6,
              7,
              8
            ],
            [
              0.7592475128722521,
              0.18279723520697236,
              0.044010455922211804,
              0.010596003972860243,
              0.0025511051371818537,
              0.0006142067743297442,
              0.00014787707340407338,
              3.56030407877165e-05
            ]
          ]
        }
      }
    },
    {
      "draw_number": 2,
      "draw_seed": 1031005574,
      "parameters": {
        "RTI": {
          "number_of_injured_body_regions_distribution": [
            [
              1,
              2,
              3,
              4,
              5,
              6,
              7,
              8
            ],
            [
              0.7296707671020534,
              0.1972665325106343,
              0.0533310180471113,
              0.014418043698253707,
              0.003897918916550913,
              0.0010538025961071063,
              0.0002848955905282675,
              7.702153876094713e-05
            ]
          ]
        }
      }
    },
    {
      "draw_number": 3,
      "draw_seed": 1603685629,
      "parameters": {
        "RTI": {
          "number_of_injured_body_regions_distribution": [
            [
              1,
              2,
              3,
              4,
              5,
              6,
              7,
              8
            ],
            [
              0.6976476665668685,
              0.2109694359746156,
              0.06379739379688928,
              0.019292403359153384,
              0.005834044389920217,
              0.001764221559643627,
              0.0005335025761697982,
              0.00016133177673971152
            ]
          ]
        }
      }
    },
    {
      "draw_number": 4,
      "draw_seed": 1130929393,
      "parameters": {
        "RTI": {
          "number_of_injured_body_regions_distribution": [
            [
              1,
              2,
              3,
              4,
              5,
              6,
              7,
              8
            ],
            [
              0.662876355901216,
              0.22354479844977626,
              0.07538702575386189,
              0.025423108439225357,
              0.008573550106922762,
              0.002891297168150495,
              0.0009750452508354822,
              0.00032881893001160466
            ]
          ]
        }
      }
    },
    {
      "draw_number": 5,
      "draw_seed": 371232386,
      "parameters": {
        "RTI": {
          "number_of_injured_body_regions_distribution": [
            [
              1,
              2,
              3,
              4,
              5,
              6,
              7,
              8
            ],
            [
              0.6250183452664398,
              0.23452392474927172,
              0.08799977104088905,
              0.033019913475897715,
              0.012389971849462627,
              0.004649055260018444,
              0.001744452293621846,
              0.0006545660643987368
            ]
          ]
        }
      }
    }
  ],
  "commit": "008050312fc7a008e2923ea8daaf8b59759e0f70",
  "github": "https://github.com/UCL/TLOmodel/blob/008050312fc7a008e2923ea8daaf8b59759e0f70/src/scripts/rti/rti_analysis_fit_number_of_injuries.py"
}