{
  "scenario_script_path": "C:\\/Users/Robbie Manning Smith/PycharmProjects/TLOmodel/src/scripts/rti/rti_analysis_fit_number_of_injuries.py",
  "scenario_seed": 12,
  "runs_per_draw": 2,
  "draws": [
    {
      "draw_number": 0,
      "draw_seed": 662124363,
      "parameters": {
        "RTI": {
          "number_of_injured_body_regions_distribution": [
            [
              1,
              2,
              3,
              4,
              5,
              6,
              7,
              8
            ],
            [
              0.6769101854244929,
              0.21875730105991648,
              0.0706958733927294,
              0.02284681009751498,
              0.007383411599319661,
              0.002386099705485696,
              0.0007711166752566723,
              0.00024920204528413345
            ]
          ]
        }
      }
    },
    {
      "draw_number": 1,
      "draw_seed": 1916507803,
      "parameters": {
        "RTI": {
          "number_of_injured_body_regions_distribution": [
            [
              1,
              2,
              3,
              4,
              5,
              6,
              7,
              8
            ],
            [
              0.8085802029588095,
              0.15477943694471946,
              0.0296280740157384,
              0.00567144310129254,
              0.0010856347541899822,
              0.00020781356675103293,
              3.977993368313682e-05,
              7.614724815972091e-06
            ]
          ]
        }
      }
    },
    {
      "draw_number": 2,
      "draw_seed": 1031005574,
      "parameters": {
        "RTI": {
          "number_of_injured_body_regions_distribution": [
            [
              1,
              2,
              3,
              4,
              5,
              6,
              7,
              8
            ],
            [
              0.7814411959674795,
              0.17079403304117116,
              0.03732923458988288,
              0.008158784766974856,
              0.0017832074406331881,
              0.0003897429417676133,
              8.518333716896999e-05,
              1.8617914921905068e-05
            ]
          ]
        }
      }
    },
    {
      "draw_number": 3,
      "draw_seed": 1603685629,
      "parameters": {
        "RTI": {
          "number_of_injured_body_regions_distribution": [
            [
              1,
              2,
              3,
              4,
              5,
              6,
              7,
              8
            ],
            [
              0.8340737311793822,
              0.1383951418413636,
              0.022963455830467713,
              0.003810251549742161,
              0.0006322226488684754,
              0.000104902648164875,
              1.7406155270930335e-05,
              2.888146740009391e-06
            ]
          ]
        }
      }
    },
    {
      "draw_number": 4,
      "draw_seed": 1130929393,
      "parameters": {
        "RTI": {
          "number_of_injured_body_regions_distribution": [
            [
              1,
              2,
              3,
              4,
              5,
              6,
              7,
              8
            ],
            [
              0.8181827953684624,
              0.14876050819598347,
              0.027047365116937394,
              0.0049177027467876945,
              0.0008941277718256949,
              0.00016256868572875853,
              2.9557942849277654e-05,
              5.374171425232914e-06
            ]
          ]
        }
      }
    },
    {
      "draw_number": 5,
      "draw_seed": 371232386,
      "parameters": {
        "RTI": {
          "number_of_injured_body_regions_distribution": [
            [
              1,
              2,
              3,
              4,
              5,
              6,
              7,
              8
            ],
            [
              0.8199001519691461,
              0.14766463689566117,
              0.026594512682012527,
              0.0047896918291511865,
              0.0008626271175765568,
              0.00015535979568654407,
              2.7980416594801377e-05,
              5.039294171049447e-06
            ]
          ]
        }
      }
    }
  ]
}